stop_id,stop_code,stop_name,stop_desc,stop_lat,stop_lon,location_type,parent_station,wheelchair_boarding,platform_code,level_id
000008001774,NA,Emmerich(Gr),NA,51.901194,6.137652,0,NA,0,NA,NA
000008003155,NA,Venlo(Gr),NA,51.340892,6.192712,0,NA,0,NA,NA
000008070018,NA,Kalenborn(Westerw),NA,50.615535,7.312721,0,NA,0,NA,NA
000008070368,NA,Kempenich Engeln Bf,NA,50.424945,7.156853,0,NA,0,NA,NA
000008071034,NA,Brohl Rheinanlagen,NA,50.487299,7.327933,0,NA,0,NA,NA
000008071651,NA,Brenk,NA,50.432442,7.168888,0,NA,0,NA,NA
000008075938,NA,Köln KD,NA,50.938557,6.963353,0,NA,0,NA,NA
000008075939,NA,Porz(Rhein) KD,NA,50.884677,7.053755,0,NA,0,NA,NA
000008075940,NA,Wesseling KD,NA,50.826616,6.984172,0,NA,0,NA,NA
000008075941,NA,Bonn KD,NA,50.733367,7.10987,0,NA,0,NA,NA
000008075942,NA,Bonn-Bad Godesberg KD,NA,50.691198,7.171608,0,NA,0,NA,NA
000008075944,NA,Bad Honnef(Rhein) KD,NA,50.642163,7.214108,0,NA,0,NA,NA
000008075945,NA,Unkel KD,NA,50.601023,7.215072,0,NA,0,NA,NA
000008075946,NA,Remagen KD,NA,50.579485,7.233495,0,NA,0,NA,NA
000008075947,NA,Linz(Rhein) KD,NA,50.565419,7.277715,0,NA,0,NA,NA
000008075952,NA,Koblenz KD,NA,50.361031,7.605357,0,NA,0,NA,NA
000008075954,NA,Oberlahnstein KD,NA,50.298894,7.603151,0,NA,0,NA,NA
000008075956,NA,Braubach KD,NA,50.271802,7.643566,0,NA,0,NA,NA
000008075957,NA,Boppard KD,NA,50.233152,7.592937,0,NA,0,NA,NA
000008075958,NA,Kamp-Bornhofen KD,NA,50.225746,7.617318,0,NA,0,NA,NA
000008075959,NA,Bad Salzig KD,NA,50.207622,7.634403,0,NA,0,NA,NA
000008075960,NA,St Goarshausen KD,NA,50.153684,7.716466,0,NA,0,NA,NA
000008075961,NA,St Goar KD,NA,50.151043,7.715878,0,NA,0,NA,NA
000008075962,NA,Oberwesel KD,NA,50.10867,7.727499,0,NA,0,NA,NA
000008075963,NA,Kaub KD,NA,50.088387,7.759352,0,NA,0,NA,NA
000008075964,NA,"Bacharach, Schiffsanleger K-D",NA,50.056895,7.771431,0,NA,0,NA,NA
000008075968,NA,"Bingen, Brücke 5",NA,49.97028,7.896752,0,NA,0,NA,NA
000008400043,NA,Eygelshoven Markt,NA,50.896067,6.057597,0,NA,0,NA,NA
000008400220,NA,Vise(fr),NA,50.758791,5.703064,0,NA,0,NA,NA
000008400307,NA,Heerlen,NA,50.890693,5.975844,0,NA,0,NA,NA
000008400548,NA,Landgraaf,NA,50.89653,6.019863,0,NA,0,NA,NA
000010676901,NA,"Asbach, Realschule Plus,Asbach (Wied)",NA,50.665657,7.428645,0,NA,0,NA,NA
000010676902,NA,"Asbach, Realschule Plus,Asbach (Wied)",NA,50.665645,7.42896,0,NA,0,NA,NA
000010785701,NA,Neustadt (Wied) Ev. Kirche,NA,50.623947,7.427307,0,NA,0,NA,NA
000010785702,NA,Neustadt (Wied) Ev. Kirche,NA,50.62466,7.427603,0,NA,0,NA,NA
000012222902_G,NA,Dülken Bahnhof,NA,51.257576,6.337237,0,NA,0,NA,NA
000012222903,NA,Dülken Bahnhof,NA,51.257576,6.337237,0,NA,0,NA,NA
000011675901,NA,Friesenhagen Schule,NA,50.904759,7.808651,0,NA,0,NA,NA
000016095901,NA,Friesenhagen Altenhofen,NA,50.864005,7.799793,0,NA,0,NA,NA
000016096001,NA,Friesenhagen Hohhäuschen,NA,50.862134,7.808318,0,NA,0,NA,NA
000016097301,NA,Friesenhagen Gösingerhütte,NA,50.886027,7.791565,0,NA,0,NA,NA
000016097302,NA,Friesenhagen Gösingerhütte,NA,50.885948,7.791493,0,NA,0,NA,NA
000016097401,NA,Friesenhagen Hammer,NA,50.877225,7.784073,0,NA,0,NA,NA
000016097402,NA,Friesenhagen Hammer,NA,50.877152,7.783848,0,NA,0,NA,NA
000016097801,NA,Friesenhagen Helmert,NA,50.866755,7.760366,0,NA,0,NA,NA
000016097802,NA,Friesenhagen Helmert,NA,50.866738,7.760546,0,NA,0,NA,NA
000016098101,NA,Friesenhagen Höferhof,NA,50.86853,7.767562,0,NA,0,NA,NA
000016098102,NA,Friesenhagen Höferhof,NA,50.86849,7.767355,0,NA,0,NA,NA
000016098401,NA,Friesenhagen Abzw. Schloss Crottorf,NA,50.901995,7.791232,0,NA,0,NA,NA
000016098402,NA,Friesenhagen Abzw. Schloss Crottorf,NA,50.901949,7.791079,0,NA,0,NA,NA
000016098701,NA,Friesenhagen Sommerhardt,NA,50.872362,7.776599,0,NA,0,NA,NA
000016098702,NA,Friesenhagen Sommerhardt,NA,50.872328,7.776455,0,NA,0,NA,NA
000016100101,NA,Friesenhagen Schmalenbach,NA,50.894516,7.791295,0,NA,0,NA,NA
000016100102,NA,Friesenhagen Schmalenbach,NA,50.894403,7.791304,0,NA,0,NA,NA
000016100201,NA,Friesenhagen Steeg,NA,50.880694,7.789454,0,NA,0,NA,NA
000016100202,NA,Friesenhagen Steeg,NA,50.880819,7.789436,0,NA,0,NA,NA
000016100401,NA,Friesenhagen Rübegarten,NA,50.862418,7.785519,0,NA,0,NA,NA
000000467909,NA,"Maastricht, Station (Bus)",NA,50.851064,5.704296,0,NA,0,H,NA
000000205703,NA,"Baesweiler, Jülicher Straße",NA,50.911197,6.19157,0,NA,0,H.3,NA
000011968701,NA,Wissen Bf,NA,50.782782,7.739399,0,NA,0,NA,NA
000016097501,NA,Friesenhagen Wasserhof,NA,50.874448,7.780282,0,NA,0,NA,NA
000016097502,NA,Friesenhagen Wasserhof,NA,50.874675,7.780488,0,NA,0,NA,NA
000016200001,NA,Morsbach Alzen Abzw.,NA,50.85305,7.74204,0,NA,0,NA,NA
000016200002,NA,Morsbach Alzen Abzw.,NA,50.85305,7.74213,0,NA,0,NA,NA
000016200101_G,NA,Morsbach Alzen Stockshöhe,NA,50.849653000000004,7.751509,0,NA,0,NA,NA
000016200102,NA,Morsbach Alzen Stockshöhe,NA,50.849653000000004,7.751599,0,NA,0,NA,NA
000016200201,NA,Birken-Honigsessen Kirche,NA,50.824822,7.743756,0,NA,0,NA,NA
000016200301,NA,Birken-Honigsessen Hofstraße,NA,50.823568,7.744259,0,NA,0,NA,NA
000016200302,NA,Birken-Honigsessen Hofstraße,NA,50.823568,7.744349,0,NA,0,NA,NA
000016200401,NA,Birken-Honigsessen Schule,NA,50.821888,7.741007,0,NA,0,NA,NA
000016200402,NA,Birken-Honigsessen Schule,NA,50.821888,7.741097,0,NA,0,NA,NA
000016200501,NA,Birken-Honigsessen Iltisweg,NA,50.816831,7.740882,0,NA,0,NA,NA
000016200502,NA,Birken-Honigsessen Iltisweg,NA,50.816831,7.740971,0,NA,0,NA,NA
000016200601,NA,Birken-Honigsessen Oststraße,NA,50.812041,7.739588,0,NA,0,NA,NA
000016200602,NA,Birken-Honigsessen Oststraße,NA,50.812041,7.739678,0,NA,0,NA,NA
000016200701,NA,Birken-Honigsessen Kyllberg,NA,50.8075,7.735932,0,NA,0,NA,NA
000016200702,NA,Birken-Honigsessen Kyllberg,NA,50.8075,7.736022,0,NA,0,NA,NA
000016200801,NA,Wissen Brückhöfe,NA,50.785134,7.732096,0,NA,0,NA,NA
000016200802,NA,Wissen Brückhöfe,NA,50.785134,7.732186,0,NA,0,NA,NA
000016200901,NA,Wissen Realschule/Altbel,NA,50.785281,7.713043,0,NA,0,NA,NA
000016201001,NA,Wissen Gymnasium,NA,50.786951,7.717597,0,NA,0,NA,NA
000000856202,NA,"Landgraaf, Mondo Verde",NA,50.890538,6.029827,0,NA,0,NA,NA
000010823622,NA,Altenkirchen (Westerw) Bahnhof,Bahnhof,50.684403,7.638231,0,NA,0,99,2
000010968731,NA,Wissen Bf,Wissen Bf,50.782856,7.739777,0,NA,0,99,2
000011010317,NA,Hachenburg Bf,Hachenburg Bf,50.663994,7.822862,0,NA,0,99,2
000011010409,NA,Westerburg Bf,Bahnhof,50.557199,7.967221,0,NA,0,21,2
000011010414,NA,Westerburg Bf,Westerburg Bf,50.557627,7.966943,0,NA,0,99,2
000011010735,NA,Neuwied Bf,Neuwied Bf,50.431459,7.473112,0,NA,0,99,2
000011011762,NA,Koblenz Hauptbahnhof,Koblenz Hauptbahnhof,50.350913,7.588321,0,NA,0,99,2
000011040916,NA,Erbach Nistertal-Bad Marienberg Bf,Nistertal-Bad Marien,50.632096,7.900548,0,NA,0,99,2
000011049009,NA,Hattert Bf,Hattert Bf,50.676314,7.77597,0,NA,0,99,2
000011056415,NA,Langenhahn Bf,Langenhahn Bf,50.587522,7.914607,0,NA,0,99,2
000011103210,NA,Dernbach (Westerw) Dernbach Bf,NA,50.457208,7.783677,0,NA,0,NA,NA
000011114813,NA,Siershahn Bf,Siershahn Bf,50.485841,7.771352,0,NA,0,99,2
000011122813,NA,Montabaur Bf,Bahnhof,50.444075,7.825323,0,NA,0,21,2
000011122823,NA,Montabaur Bf,Montabaur Bf,50.444819,7.825305,0,NA,0,99,2
000011203508,NA,Alsbach Brunnen,NA,50.462704,7.660914,0,NA,0,NA,NA
000011203608,NA,Alsbach Dorfgemeinschaftshaus,NA,50.465157,7.65962,0,NA,0,NA,NA
000011213102,NA,"Arbach, Kirche",NA,50.284472,7.047077,0,NA,0,NA,NA
000011214707,NA,Atzelgift Brunnen,NA,50.696809,7.825467,0,NA,0,NA,NA
000011225607,NA,Ransbach-Baumbach Erich-Kästner-Schule,NA,50.456842,7.726778,0,NA,0,NA,NA
000011225705,NA,Ransbach-Baumbach Börsenweg,NA,50.456019,7.720229,0,NA,0,NA,NA
000011225806,NA,Ransbach-Baumbach Rheinstraße,NA,50.45742,7.714821,0,NA,0,NA,NA
000011225906,NA,Ransbach-Baumbach Stadthalle,NA,50.461983,7.725197,0,NA,0,NA,NA
000011226005,NA,Ransbach-Baumbach D`Esterstraße,NA,50.457534,7.720975,0,NA,0,NA,NA
000011227607,NA,Bell (Eifel) Neustraße,Neustraße,50.387171,7.23177,0,NA,0,99,2
000011227805,NA,Bell (Eifel) Kirche,Kirche,50.387326,7.235121,0,NA,0,99,2
000011229306,NA,Bendorf (Rhein) Breslauer Straße,NA,50.422995,7.570184,0,NA,0,NA,NA
000011230005,NA,Bendorf (Rhein) Fleck,NA,50.418909,7.594223,0,NA,0,NA,NA
000011230307,NA,Bendorf (Rhein) Sayn Sayner Hütte,NA,50.440145,7.575996,0,NA,0,NA,NA
000011230706,NA,Bendorf (Rhein) Sayn Im Sayntal,NA,50.449658,7.57817,0,NA,0,NA,NA
000011231406,NA,Bendorf (Rhein) Nord,NA,50.4277,7.571118,0,NA,0,NA,NA
000011231610,NA,Bendorf (Rhein) Stadtpark,NA,50.423779,7.574559,0,NA,0,NA,NA
000011232504,NA,Bendorf (Rhein) Theodor-Heuss-Straße,NA,50.421364,7.569896,0,NA,0,NA,NA
000011242005,NA,Montabaur Bladernheim In der Hehl,NA,50.40474,7.867248,0,NA,0,NA,NA
000011242904,NA,Boden Meudter Straße,NA,50.474168,7.859783,0,NA,0,NA,NA
000011247404,NA,Selters (Westerw) Trotzendorfstraße,NA,50.530283,7.749254,0,NA,0,NA,NA
000011247508_G,NA,Breitenau (Westerw) Hauptstraße,NA,50.500357,7.69399,0,NA,0,NA,NA
000011247608,NA,Breitenau (Westerw) Kirche,NA,50.498071,7.689866,0,NA,0,NA,NA
000011248505,NA,Dierdorf Krankenhaus,NA,50.548535,7.661695,0,NA,0,NA,NA
000011248605,NA,Hachenburg Neuer Weg,NA,50.659849,7.811399,0,NA,0,NA,NA
000011257603,NA,Kadenbach Butterweg,NA,50.397543,7.745059,0,NA,0,NA,NA
000011257708,NA,Caan Feuerwehr,NA,50.471224,7.613959,0,NA,0,NA,NA
000011262406,NA,Daubach (Westerw) Heimathaus,NA,50.391243,7.846425,0,NA,0,NA,NA
000011262504,NA,Daubach (Westerw) Oberdorf,NA,50.391839,7.845787,0,NA,0,NA,NA
000011264410,NA,Deesen Bergstraße,NA,50.510281,7.700592,0,NA,0,NA,NA
000011264705,NA,Dernbach (Westerw) Ritzmühle,NA,50.457345,7.805776,0,NA,0,NA,NA
000011264907,NA,Dernbach (Westerw) Rathaus,NA,50.456259,7.791187,0,NA,0,NA,NA
000011267507,NA,Dierdorf Giershofen Ölsbachbrücke,NA,50.537917,7.659602,0,NA,0,NA,NA
000011267707,NA,Dierdorf Neuwieder Straße,NA,50.547907,7.652649,0,NA,0,NA,NA
000011267816,NA,Dierdorf Schulzentrum,NA,50.543866,7.662234,0,NA,0,NA,NA
000011268004,NA,Gackenbach Hübinger Straße,NA,50.353446,7.867328,0,NA,0,NA,NA
000011274606,NA,Ebernhahn In der Holl,NA,50.473442,7.766286,0,NA,0,NA,NA
000011274706,NA,Ebernhahn Zum Massenberg,NA,50.470789,7.770975,0,NA,0,NA,NA
000011274805,NA,Ebernhahn Landesstraße,NA,50.473945,7.766286,0,NA,0,NA,NA
000011274909,NA,Ebernhahn Schenkelberg,NA,50.467913,7.775584,0,NA,0,NA,NA
000011277904,NA,Montabaur Elgendorf Köppelstraße,NA,50.442536,7.795373,0,NA,0,NA,NA
000011278204,NA,Ellenhausen Im Rosenbusch,NA,50.516993,7.722861,0,NA,0,NA,NA
000011278307,NA,Ellenhausen Sayntalstraße,NA,50.515525,7.723877,0,NA,0,NA,NA
000011282006,NA,Montabaur Margeritenstraße,NA,50.446993,7.815406,0,NA,0,NA,NA
000011282704,NA,Montabaur Ettersdorf Brückenstraße,NA,50.3963,7.880588,0,NA,0,NA,NA
000011282806,NA,Ettringen (Eifel) Kirmeswiese,NA,50.357235,7.219814,0,NA,0,NA,NA
000011283006,NA,Ettringen (Eifel) Hochsteinsiedlung,NA,50.36061,7.219643,0,NA,0,NA,NA
000011283206,NA,Ettringen (Eifel) Mayener Straße,NA,50.353756,7.222545,0,NA,0,NA,NA
000011287806,NA,Freilingen Marktplatz,NA,50.55898,7.83401,0,NA,0,NA,NA
000011288103,NA,Leuterod Friedhofshalle,NA,50.492688,7.815388,0,NA,0,NA,NA
000011288205,NA,Leuterod Malbergstraße,NA,50.490596,7.822889,0,NA,0,NA,NA
000011288602,NA,Quirnbach Hammelberghalle,NA,50.51689,7.797035,0,NA,0,NA,NA
000011290005,NA,Gackenbach Oberdorf,NA,50.366633,7.855848,0,NA,0,NA,NA
000011290104,NA,Gackenbach Unterdorf,NA,50.370237,7.857968,0,NA,0,NA,NA
000011291601,NA,Quirnbach Alte Ölmühle,NA,50.520009,7.787846,0,NA,0,NA,NA
000011296504,NA,Girod Kapellenweg,NA,50.451208,7.911265,0,NA,0,NA,NA
000011299206,NA,Großholbach Feuerwehr,NA,50.446924,7.892302,0,NA,0,NA,NA
000011299407,NA,Großmaischeid Kirche,NA,50.505242,7.633434,0,NA,0,NA,NA
000011299704,NA,Guckheim Gemeindeverwaltung,NA,50.52922,7.947611,0,NA,0,NA,NA
000011301503_G,NA,"Gunderath, Heilbachsee",NA,50.255097,6.980889,0,NA,0,NA,NA
000011301504,NA,"Gunderath, Heilbachsee",NA,50.254977,6.980862,0,NA,0,NA,NA
000011302005,NA,Hachenburg Abzw. Hachenburg,NA,50.655948,7.800943,0,NA,0,NA,NA
000011302209,NA,Hachenburg Neumarkt,NA,50.661716,7.821335,0,NA,0,NA,NA
000011306006,NA,Hartenfels Dammweg,NA,50.572195,7.784926,0,NA,0,NA,NA
000011310004,NA,Heilberscheid Hettensteinstraße,NA,50.412349,7.894197,0,NA,0,NA,NA
000011310103,NA,Heiligenroth Abzw. Heiligenroth,NA,50.4515,7.846335,0,NA,0,NA,NA
000011310104,NA,Heiligenroth Abzw. Heiligenroth,NA,50.451472,7.846506,0,NA,0,NA,NA
000011310408,NA,Helferskirchen Feuerwehrhaus,NA,50.512452,7.814139,0,NA,0,NA,NA
000011312603,NA,Herschbach (Oberwesterwald) L300,NA,50.506207,7.927435,0,NA,0,NA,NA
000011312805,NA,Herschbach (b. Selters) Wiedstraße,NA,50.571636,7.733479,0,NA,0,NA,NA
000011312902,NA,Herschbach (b. Selters) Am Hammelsbach,NA,50.580147,7.735923,0,NA,0,NA,NA
000011313005,NA,Herschbach (b. Selters) Obertor,NA,50.575127,7.741034,0,NA,0,NA,NA
000011314106,NA,Hilgert Zur guten Quelle,NA,50.454406,7.686417,0,NA,0,NA,NA
000011314208,NA,Hilgert Industriegebiet,NA,50.44987,7.679482,0,NA,0,NA,NA
000011314307,NA,Hilgert Sporthalle,NA,50.453044,7.692435,0,NA,0,NA,NA
000011314409,NA,Hilgert Gemeindeverwaltung,NA,50.455681,7.688492,0,NA,0,NA,NA
000011317505,NA,Höchstenbach Kirche,NA,50.631794,7.742804,0,NA,0,NA,NA
000011318607,NA,Höhr-Grenzhausen Juchaczstraße,NA,50.426778,7.676472,0,NA,0,NA,NA
000011318807,NA,Höhr-Grenzhausen Bahnhofstraße,NA,50.435299,7.668001,0,NA,0,NA,NA
000011319006,NA,Höhr-Grenzhausen Hainchenweg,NA,50.437296,7.660159,0,NA,0,NA,NA
000011319208,NA,Höhr-Grenzhausen Höhenstraße,Höhenstraße,50.438406,7.657554,0,NA,0,99,2
000011319407,NA,Höhr-Grenzhausen Mittelstraße,NA,50.432895,7.672987,0,NA,0,NA,NA
000011319705,NA,Höhr-Grenzhausen Westerwald Arkaden,Westerwald Arkaden,50.442262,7.66059,0,NA,0,99,2
000011319806,NA,Höhr-Grenzhausen Rathaus,NA,50.436912,7.666411,0,NA,0,NA,NA
000011319908,NA,Höhr-Grenzhausen Schillerstraße,Schillerstraße,50.442096,7.659737,0,NA,0,99,2
000011320015,NA,Höhr-Grenzhausen Schulzentrum,NA,50.440431,7.668154,0,NA,0,NA,NA
000011320105,NA,Höhr-Grenzhausen Schwimmbad,NA,50.446095,7.676212,0,NA,0,NA,NA
000011320305,NA,Höhr-Grenzhausen Teplitz-Schönauer-Straße,Teplitz-Schönauer-St,50.439807,7.659458,0,NA,0,99,2
000011320407,NA,Höhr-Grenzhausen Turnstraße,Turnstraße,50.440477,7.661569,0,NA,0,99,2
000011320603,NA,Holler Oberdorf,NA,50.410631,7.83657,0,NA,0,NA,NA
000011320704,NA,Holler Unterdorf,NA,50.414049,7.833255,0,NA,0,NA,NA
000011323404,NA,Horbach Brunnen,NA,50.373582999999996,7.847934,0,NA,0,NA,NA
000011323505,NA,Horbach Haus Sanner,NA,50.373446,7.849686,0,NA,0,NA,NA
000011323603,NA,Horbach Schule,NA,50.371417,7.855525,0,NA,0,NA,NA
000011324503,NA,"Horperath, Backhaus",NA,50.244247,6.953526,0,NA,0,NA,NA
000011324605,NA,Montabaur Abzw. Horressen,NA,50.418519,7.800907,0,NA,0,NA,NA
000011324704,NA,Montabaur Horressen Kirmesplatz,NA,50.427465,7.79655,0,NA,0,NA,NA
000011325605,NA,Hübingen (b. Montabaur) Hauptstraße,NA,50.360117,7.845203,0,NA,0,NA,NA
000011326309,NA,Hundsdorf Hauptstraße,NA,50.470715,7.706314,0,NA,0,NA,NA
000011327205,NA,Hattert Hütte Bundesstraße,NA,50.648606,7.780821,0,NA,0,NA,NA
000011327307,NA,Hattert Hütte Hütter Straße,NA,50.650343,7.778611,0,NA,0,NA,NA
000011328505,NA,Isenburg Böhm,NA,50.475729,7.588815,0,NA,0,NA,NA
000011328605,NA,Isenburg Dorfgemeinschaftshaus,NA,50.477135,7.59248,0,NA,0,NA,NA
000011344203,NA,Girod Kleinholbach Feldstraße,NA,50.446026,7.90327,0,NA,0,NA,NA
000011344505,NA,Kleinmaischeid Kirchstraße,NA,50.5122,7.606233,0,NA,0,NA,NA
000011344605,NA,Kleinmaischeid Kettemers Mühle,NA,50.487236,7.594286,0,NA,0,NA,NA
000011351609,NA,Koblenz Christuskirche,NA,50.354226,7.593531,0,NA,0,NA,NA
000011355606,NA,Koblenz Kesselheim HWK-Campus,NA,50.389067,7.566815,0,NA,0,NA,NA
000011363910,NA,Wirges Schulzentrum,NA,50.468834,7.798248,0,NA,0,NA,NA
000011375506,NA,Krümmel Im Wieschen,NA,50.534365,7.724137,0,NA,0,NA,NA
000011389903,NA,"Lirstal, Abzw. Kaperich",NA,50.256396,7.0398,0,NA,0,NA,NA
000011389904,NA,"Lirstal, Abzw. Kaperich",NA,50.256327,7.039773,0,NA,0,NA,NA
000011390003,NA,"Lirstal, Abzw. Retterath",NA,50.257739,7.031877,0,NA,0,NA,NA
000011390004,NA,"Lirstal, Abzw. Retterath",NA,50.257831,7.031222,0,NA,0,NA,NA
000011391407,NA,Luckenbach Dorfplatz,NA,50.703847,7.833767,0,NA,0,NA,NA
000011395606,NA,Marienhausen Zum Mühlbach,NA,50.563048,7.690055,0,NA,0,NA,NA
000011395708,NA,Marienrachdorf Auf dem Bruch,NA,50.548506,7.716061,0,NA,0,NA,NA
000011395815,NA,Streithausen Marienstatt Gymnasium,NA,50.683953,7.805506,0,NA,0,NA,NA
000011396905,NA,Maxsain Ortsmitte,NA,50.544134,7.78586,0,NA,0,NA,NA
000011397606,NA,Mayen Auf der Eich,NA,50.334562,7.229318,0,NA,0,NA,NA
000011403205,NA,Meudt Eisen Meisenstraße,NA,50.498117,7.90345,0,NA,0,NA,NA
000011403304,NA,Meudt Kirchstraße,NA,50.493117,7.896946,0,NA,0,NA,NA
000011403503,NA,Montabaur Elgendorf Dernbacher Str.,NA,50.442508,7.797637,0,NA,0,NA,NA
000011403901,NA,Montabaur 1&1 Westeingang,NA,50.435379,7.811094,0,NA,0,NA,NA
000011403903,NA,Montabaur 1&1 Westeingang,NA,50.435379,7.811094,0,NA,0,NA,NA
000011404204,NA,Siershahn Konrad-Adenauer-Platz,NA,50.483806,7.778844,0,NA,0,NA,NA
000011406706,NA,Mogendorf Gartenstraße,NA,50.491476,7.760456,0,NA,0,NA,NA
000011407204,NA,Montabaur Alleestr.,NA,50.436907,7.834208,0,NA,0,NA,NA
000011407305,NA,Montabaur Bahnhofstraße,NA,50.439361,7.824901,0,NA,0,NA,NA
000011407308,NA,Montabaur Bahnhofstraße,NA,50.439361,7.824901,0,NA,0,NA,NA
000011407405,NA,Montabaur Quartier Süd,NA,50.428232,7.819628,0,NA,0,NA,NA
000011407408,NA,Montabaur Quartier Süd,NA,50.428232,7.819628,0,NA,0,NA,NA
000011407508,NA,Montabaur Konrad-Adenauer-Platz,NA,50.435756,7.829042,0,NA,0,NA,NA
000011407514,NA,Montabaur Konrad-Adenauer-Platz,NA,50.435756,7.829042,0,NA,0,NA,NA
000011407603,NA,Montabaur Krankenhaus,NA,50.433817,7.832582,0,NA,0,NA,NA
000011407705,NA,Montabaur Kreishaus,NA,50.431328,7.828135,0,NA,0,NA,NA
000011407708,NA,Montabaur Kreishaus,NA,50.431328,7.828135,0,NA,0,NA,NA
000011407802,NA,Montabaur Möbel-Hermes,NA,50.440465,7.825692,0,NA,0,NA,NA
000011407916,NA,Montabaur Schulzentrum,NA,50.440746,7.81616,0,NA,0,NA,NA
000011407917,NA,Montabaur Schulzentrum,NA,50.44062,7.816196,0,NA,0,NA,NA
000011407918,NA,Montabaur Schulzentrum,NA,50.440522,7.816259,0,NA,0,NA,NA
000011407919,NA,Montabaur Schulzentrum,NA,50.440419,7.816421,0,NA,0,NA,NA
000011407920,NA,Montabaur Schulzentrum,NA,50.440311,7.81669,0,NA,0,NA,NA
000011407921,NA,Montabaur Schulzentrum,NA,50.440282,7.817023,0,NA,0,NA,NA
000011407922,NA,Montabaur Schulzentrum,NA,50.440391,7.817068,0,NA,0,NA,NA
000011407924,NA,Montabaur Schulzentrum,NA,50.440671,7.816619,0,NA,0,NA,NA
000011407925,NA,Montabaur Schulzentrum,NA,50.440791,7.816385,0,NA,0,NA,NA
000011407926,NA,Montabaur Schulzentrum,NA,50.440894,7.816151,0,NA,0,NA,NA
000011407927,NA,Montabaur Schulzentrum,NA,50.440952,7.815927,0,NA,0,NA,NA
000011407928,NA,Montabaur Schulzentrum,NA,50.441123,7.815568,0,NA,0,NA,NA
000011407930,NA,Montabaur Schulzentrum,NA,50.44074,7.816286,0,NA,0,NA,NA
000011413505,NA,Mündersbach Winfried-Himmerich-Platz,NA,50.605981,7.731261,0,NA,0,NA,NA
000011417508,NA,Nauort Friedhof,NA,50.468039,7.620462,0,NA,0,NA,NA
000011417708,NA,Nauort Im Hahn,NA,50.464414,7.631557,0,NA,0,NA,NA
000011417808,NA,Nauort Weiherplatz,NA,50.466312,7.623687,0,NA,0,NA,NA
000011418205,NA,Nentershausen (Westerw) Grundschule,NA,50.418439,7.938906,0,NA,0,NA,NA
000011418305,NA,Nentershausen (Westerw) Realschule plus A,NA,50.419595,7.939086,0,NA,0,NA,NA
000011419603,NA,Neuhäusel Augst-Schule,NA,50.378951,7.713797,0,NA,0,NA,NA
000011426014,NA,Neuwied Niederbieber Schulzentrum,NA,50.466021,7.468378,0,NA,0,NA,NA
000011426206,NA,Neuwied Stadion,NA,50.437519,7.466545,0,NA,0,NA,NA
000011429603,NA,Niederelbert Oberdorf,NA,50.406418,7.812828,0,NA,0,NA,NA
000011429707,NA,Niederelbert Rathaus,NA,50.408696,7.811507,0,NA,0,NA,NA
000011432004,NA,Mendig Niedermendig Jahnstraße,NA,50.373045,7.282184,0,NA,0,NA,NA
000011432106,NA,Mendig Niedermendig Alte Post,NA,50.37089,7.283388,0,NA,0,NA,NA
000011432306,NA,Mendig Niedermendig Zum letzten Heller,NA,50.374271,7.272204,0,NA,0,NA,NA
000011435605,NA,Nister Dorfwiese,NA,50.674265,7.832402,0,NA,0,NA,NA
000011436906,NA,Nomborn Brunnen,NA,50.427333,7.913223,0,NA,0,NA,NA
000011437307,NA,Nordhofen Bahnhofstraße,NA,50.515822,7.753296,0,NA,0,NA,NA
000011440303,NA,"Oberelz, Oberdorf",NA,50.263069,7.051685,0,NA,0,NA,NA
000011440304,NA,"Oberelz, Oberdorf",NA,50.263144,7.051514,0,NA,0,NA,NA
000011440403,NA,"Oberelz, Gemeindehaus",NA,50.267025,7.050859,0,NA,0,NA,NA
000011440404,NA,"Oberelz, Gemeindehaus",NA,50.267106,7.050724,0,NA,0,NA,NA
000011452106,NA,Plaidt Am Kürchen,NA,50.39193,7.39618,0,NA,0,NA,NA
000011452306,NA,Plaidt Bahnhofstraße,NA,50.394376,7.390997,0,NA,0,NA,NA
000011452506,NA,Plaidt Miesenheimer Straße/IGS,NA,50.395046,7.402423,0,NA,0,NA,NA
000011457007,NA,Quirnbach Feuerwehr,NA,50.519123,7.795571,0,NA,0,NA,NA
000011457407,NA,Ransbach-Baumbach St. Markus,NA,50.468828,7.732195,0,NA,0,NA,NA
000011457508,NA,Ransbach-Baumbach Volksbank,NA,50.467033,7.72676,0,NA,0,NA,NA
000011458302,NA,Bendorf (Rhein) Sayn Alte Wattefabrik,NA,50.460462,7.577685,0,NA,0,NA,NA
000011458905,NA,Montabaur Reckenthal Ortsmitte,NA,50.417083,7.867382,0,NA,0,NA,NA
000011462203,NA,"Retterath, Kirche",NA,50.270781,7.019777,0,NA,0,NA,NA
000011464306,NA,Selters (Westerw) Saynbach-Center,NA,50.531533,7.755901,0,NA,0,NA,NA
000011465505,NA,Helferskirchen Auf der Heide,NA,50.510926,7.813448,0,NA,0,NA,NA
000011468505,NA,Roßbach (Westerw) Ringstraße,NA,50.608244,7.681755,0,NA,0,NA,NA
000011468605,NA,Roßbach (Westerw) Turnhalle,NA,50.603478,7.68153,0,NA,0,NA,NA
000011471005,NA,Rückeroth Landstraße,NA,50.559362,7.740576,0,NA,0,NA,NA
000011475106,NA,Schenkelberg Hartenfelser Straße,NA,50.579685,7.782599,0,NA,0,NA,NA
000011479807,NA,Selters (Westerw) Markt,NA,50.529752,7.753692,0,NA,0,NA,NA
000011480408,NA,Sessenbach Alte Schule,NA,50.475655,7.645445,0,NA,0,NA,NA
000011480508,NA,Sessenbach Werk,NA,50.471704,7.646774,0,NA,0,NA,NA
000011481305,NA,Siershahn Industriegebiet Berggarten,NA,50.481125,7.771963,0,NA,0,NA,NA
000011481603,NA,Simmern (Westerw) Denzer Heide,NA,50.370243,7.691681,0,NA,0,NA,NA
000011492505,NA,Stahlhofen (Westerw) Altes Rathaus,NA,50.393843,7.858408,0,NA,0,NA,NA
000011493605,NA,Steinen (Westerw) Gemeindehalle,NA,50.573142,7.807977,0,NA,0,NA,NA
000011494707,NA,Streithausen Hauptstraße,NA,50.692502,7.814939,0,NA,0,NA,NA
000011502803,NA,"Uersfeld, Kirche",NA,50.254,7.009905,0,NA,0,NA,NA
000011502903,NA,"Uersfeld, Römerhügel",NA,50.256062,7.014477,0,NA,0,NA,NA
000011504506,NA,Untershausen Bürgerhaus,NA,50.40032,7.844996,0,NA,0,NA,NA
000011511305,NA,Vielbach Neue Straße,NA,50.50655,7.771891,0,NA,0,NA,NA
000011527805,NA,Bendorf (Rhein) In der Hohl,NA,50.423596,7.580667,0,NA,0,NA,NA
000011529405,NA,Höhr-Grenzhausen Keramikmuseum,NA,50.442971,7.657752,0,NA,0,NA,NA
000011529806,NA,Wirges Mitte/Bahnhofstraße,NA,50.471138,7.795032,0,NA,0,NA,NA
000011529905,NA,Wirges Möbel Neust,NA,50.474694,7.789705,0,NA,0,NA,NA
000011530005,NA,Wirges Dr.-Wodrich-Straße,NA,50.466118,7.780129,0,NA,0,NA,NA
000011530106,NA,Wirges Bahnhof/Westerwaldstraße,NA,50.468725,7.788169,0,NA,0,NA,NA
000011530208,NA,Wirscheid Sessenbacher Straße,NA,50.475895,7.666321,0,NA,0,NA,NA
000011530305,NA,Montabaur Wirzenborn Kapellenstraße,NA,50.42778,7.862882,0,NA,0,NA,NA
000011530508,NA,Wittgert Rheinstraße,NA,50.496688,7.694564,0,NA,0,NA,NA
000011566905,NA,Plaidt IGS,NA,50.393282,7.405558,0,NA,0,NA,NA
000011571206,NA,Herschbach (b. Selters) Grundschule,NA,50.572857,7.741169,0,NA,0,NA,NA
000011589803,NA,Heilberscheid Schulstr.,NA,50.411364,7.892329,0,NA,0,NA,NA
000011590108,NA,Mogendorf Kannenbäckerplatz,NA,50.493865,7.760079,0,NA,0,NA,NA
000011591303,NA,Heilberscheid Kindergarten,NA,50.410059,7.890846,0,NA,0,NA,NA
000011599806,NA,Mendig Obermendig Am Sonnenhang,NA,50.376826,7.256357,0,NA,0,NA,NA
000011600006,NA,Mendig Niedermendig Siemensstraße,NA,50.366771,7.292416,0,NA,0,NA,NA
000011600206,NA,Mendig Obermendig Im Brühl,NA,50.374798,7.262313,0,NA,0,NA,NA
000011602207,NA,Maroth Trafohaus,NA,50.575949,7.687585,0,NA,0,NA,NA
000011602305,NA,Maroth Abzw. Wiedischhausen,NA,50.572252,7.687198,0,NA,0,NA,NA
000011604205,NA,Giesenhausen Dorfgemeinschaftshaus,NA,50.701839,7.718999,0,NA,0,NA,NA
000011604306_G,NA,Kroppach Hauptstraße,NA,50.695609,7.737136,0,NA,0,NA,NA
000011604406,NA,Heuzert Nisterstraße,NA,50.698209,7.759064,0,NA,0,NA,NA
000011604506,NA,Marzhausen Feuerwehr,NA,50.688387,7.755452,0,NA,0,NA,NA
000011604606,NA,Mudenbach Dorfgemeinschaftshaus,NA,50.666596,7.735276,0,NA,0,NA,NA
000011604704,NA,Mudenbach Hanwerth,NA,50.657069,7.736453,0,NA,0,NA,NA
000011604807,NA,Siershahn Schulzentrum,NA,50.486853,7.786651,0,NA,0,NA,NA
000011605403,NA,Montabaur Christches Weiher,NA,50.434223,7.814301,0,NA,0,NA,NA
000011605506,NA,Wölferlingen Bachstraße,Bachstraße,50.562426,7.84982,0,NA,0,99,2
000011605605,NA,Wölferlingen Düringen,Düringen,50.558312,7.855363,0,NA,0,99,2
000011605705,NA,Freilingen Hohe Straße,NA,50.559111,7.834468,0,NA,0,NA,NA
000011605808,NA,Weidenhahn Schulstraße,NA,50.54398,7.83472,0,NA,0,NA,NA
000011605908,NA,Ewighausen Bornstraße,NA,50.533766,7.826949,0,NA,0,NA,NA
000011606004,NA,Ruppach-Goldhausen Kirche,NA,50.46136,7.879779,0,NA,0,NA,NA
000011606111,NA,Selters (Westerw) Schulzentrum,Schulzentrum,50.534303,7.763016,0,NA,0,99,2
000011606204,NA,Heiligenroth DGH,Heiligenroth DGH,50.44979,7.860052,0,NA,0,21,2
000011606206,NA,Heiligenroth DGH,Heiligenroth DGH,50.44979,7.860052,0,NA,0,99,2
000011606606,NA,Alpenrod Hirtscheid Ortsmitte,NA,50.63519,7.891062,0,NA,0,NA,NA
000011608104,NA,Freilingen Wölferlinger Straße,NA,50.560013,7.834639,0,NA,0,NA,NA
000011608604,NA,Maxsain Zürbach Wendeplatz,NA,50.551195,7.820697,0,NA,0,NA,NA
000011608903,NA,Montabaur Arbeitsamt,NA,50.438388,7.835932,0,NA,0,NA,NA
000011610602,NA,Herschbach (b. Selters) Bahnhofstraße,NA,50.571162,7.737199,0,NA,0,NA,NA
000011610805,NA,Welkenbach Welkenbach,NA,50.632768,7.72508,0,NA,0,NA,NA
000011611007,NA,Hattert Mittelhattert,NA,50.663721,7.76581,0,NA,0,NA,NA
000011611107,NA,Hattert Niederhattert,NA,50.65761,7.756539,0,NA,0,NA,NA
000011611207,NA,Hattert Laad Hauptstraße,NA,50.652399,7.749362,0,NA,0,NA,NA
000011611307,NA,Hattert Oberhattert Weiherstraße,NA,50.669551,7.771568,0,NA,0,NA,NA
000011611405,NA,Müschenbach Talweg,NA,50.679992,7.786381,0,NA,0,NA,NA
000011611504,NA,Müschenbach Grundschule,NA,50.682394,7.780066,0,NA,0,NA,NA
000011611804,NA,Hachenburg Altstadt Grundschule,NA,50.657964,7.812109,0,NA,0,NA,NA
000011611902,NA,Gehlert Gehlert,NA,50.639953,7.828449,0,NA,0,NA,NA
000011612012,NA,Wissen Realschule/Altbel,NA,50.785832,7.713528,0,NA,0,NA,NA
000011612107,NA,Wissen BBS/Hachenburger Straße,NA,50.775654,7.738744,0,NA,0,NA,NA
000011612201,NA,Rückeroth Am Hamm,NA,50.557941,7.744376,0,NA,0,NA,NA
000011612302,NA,Mörsbach Burbach,NA,50.72967,7.753045,0,NA,0,NA,NA
000011612402,NA,Mörsbach Niedermörsbach,NA,50.724933,7.767175,0,NA,0,NA,NA
000011612502,NA,Mörsbach Obermörsbach,NA,50.723488,7.777147,0,NA,0,NA,NA
000011612602,NA,Kundert Kundert,NA,50.717517,7.790262,0,NA,0,NA,NA
000011612702,NA,Heimborn Ehrlich,NA,50.716766,7.749523,0,NA,0,NA,NA
000011612802,NA,Astert Astert,NA,50.693418,7.781207,0,NA,0,NA,NA
000011612902,NA,Heimborn Heimborn,NA,50.709969,7.755452,0,NA,0,NA,NA
000011613002,NA,Astert Abzw.,NA,50.70024,7.78039,0,NA,0,NA,NA
000011613102,NA,Limbach Limbach,NA,50.701532,7.798697,0,NA,0,NA,NA
000011613213,NA,Hachenburg Schulzentrum,NA,50.656785,7.820517,0,NA,0,NA,NA
000011613302,NA,Atzelgift Grundschule,NA,50.695096,7.819736,0,NA,0,NA,NA
000011613402,NA,Luckenbach Kindergarten,NA,50.700792,7.833157,0,NA,0,NA,NA
000011613502_G,NA,Stein-Wingert Stein-Wingert,NA,50.723375,7.736183,0,NA,0,NA,NA
000011613602,NA,Mörsbach Kindergarten,NA,50.72557,7.763645,0,NA,0,NA,NA
000011613702,NA,Stein-Wingert Alhausen,NA,50.725484,7.720274,0,NA,0,NA,NA
000011613802,NA,Borod Grundschule,NA,50.665269,7.707222,0,NA,0,NA,NA
000011614107,NA,Hachenburg Auf dem Schildchen,NA,50.665087,7.812145,0,NA,0,NA,NA
000011614202,NA,Kroppach Grundschule,NA,50.694391,7.732725,0,NA,0,NA,NA
000011614401,NA,Vielbach Hinterdorf,NA,50.508801,7.772781,0,NA,0,NA,NA
000011614503,NA,Weidenhahn Hauptstraße,NA,50.545481,7.838349,0,NA,0,NA,NA
000011614601,NA,Höchstenbach Mehrzweckhalle,NA,50.634335,7.74302,0,NA,0,NA,NA
000011614701,NA,Müschenbach Schulstraße,NA,50.67944,7.782186,0,NA,0,NA,NA
000011619406,NA,Marienrachdorf Schule,NA,50.548712,7.70715,0,NA,0,NA,NA
000011620105,NA,Wirges Mitte/Stadtplatz,NA,50.471967,7.795742,0,NA,0,NA,NA
000011636703,NA,Gackenbach Kirchähr Am Jugendheim,NA,50.369446,7.8758,0,NA,0,NA,NA
000011648825,NA,Wissen Gymnasium,NA,50.786877,7.7181,0,NA,0,NA,NA
000011666805,NA,Borod Dorfplatz,NA,50.665788,7.70803,0,NA,0,NA,NA
000011666907,NA,Wahlrod Kleegarten,NA,50.648669,7.720804,0,NA,0,NA,NA
000011667009,NA,Winkelbach Eiskeller,NA,50.640272,7.731198,0,NA,0,NA,NA
000011667205,NA,Wied Gartenweg,NA,50.637987,7.755497,0,NA,0,NA,NA
000011667607,NA,Höchstenbach Tankstelle,NA,50.633783,7.74628,0,NA,0,NA,NA
000011667707,NA,Wahlrod Rheinstraße,NA,50.649381,7.714121,0,NA,0,NA,NA
000011667806,NA,Merkelbach Rheinstraße,NA,50.644613,7.770221,0,NA,0,NA,NA
000011716208,NA,Mayen Brückentor,NA,50.331036,7.224377,0,NA,0,NA,NA
000011716805,NA,Mayen Neutor,NA,50.326775,7.223551,0,NA,0,NA,NA
000011716908,NA,Mayen Obertor/Burg,Obertor/Burg,50.327652,7.21888,0,NA,0,99,2
000011717305,NA,Mayen Wittbendertor,NA,50.331236,7.22135,0,NA,0,NA,NA
000011727306,NA,Hattert Oberhattert Brücke,NA,50.666818,7.770715,0,NA,0,NA,NA
000017251706,NA,Dierdorf Markt,NA,50.548569,7.655901,0,NA,0,NA,NA
000017400504,NA,Dernbach (Westerw) Raiffeisen-Campus,NA,50.4517,7.798239,0,NA,0,NA,NA
000017446102,NA,Niedererbach Brückenstraße,NA,50.427001,7.976007,0,NA,0,NA,NA
000017492808,NA,Niedersayn Haus Schmidt,NA,50.529009,7.83277,0,NA,0,NA,NA
000017640602,NA,Heiligenroth Aldi,NA,50.448857,7.8492,0,NA,0,NA,NA
000017640910,NA,Niedersayn Karnhöfen,NA,50.529003,7.845625,0,NA,0,NA,NA
000017641803,NA,Montabaur OBI,NA,50.447588,7.831261,0,NA,0,NA,NA
000017644910,NA,Niedersayn Friedhof,NA,50.52733,7.841071,0,NA,0,NA,NA
000017647303,NA,Boden Brinkenstraße,NA,50.472013,7.858669,0,NA,0,NA,NA
000017647304,NA,Boden Brinkenstraße,NA,50.472013,7.858669,0,NA,0,NA,NA
000017647409,NA,Moschheim Dorfgemeinschaftshaus,NA,50.479296,7.841574,0,NA,0,NA,NA
000017647606,NA,Bannberscheid Bergstraße,NA,50.472447,7.839292,0,NA,0,NA,NA
000017647708,NA,Staudt Festplatz,NA,50.4655,7.825763,0,NA,0,NA,NA
000017647804,NA,Meudt Langwieser Hof,NA,50.472905,7.871739,0,NA,0,NA,NA
000017648404,NA,Heiligenroth Rheinstraße,NA,50.450247,7.863367,0,NA,0,NA,NA
000017648406,NA,Heiligenroth Rheinstraße,NA,50.450247,7.863367,0,NA,0,NA,NA
000017648503,NA,Heiligenroth Pentaplast,NA,50.448497,7.846317,0,NA,0,NA,NA
000017648603,NA,Heiligenroth Industriestraße Ost,NA,50.450476,7.854087,0,NA,0,NA,NA
000017650710,NA,Leuterod Dorfplatz,NA,50.493025,7.820769,0,NA,0,NA,NA
000017650810,NA,Ötzingen Ahornweg,NA,50.501157,7.829312,0,NA,0,NA,NA
000017650910,NA,Ötzingen Sainerholz Talstraße,NA,50.516759,7.850476,0,NA,0,NA,NA
000017658802,NA,Girod Grundschule,NA,50.451374,7.907034,0,NA,0,NA,NA
000017658903,NA,Montabaur REWE-Supermarkt,NA,50.435396,7.815307,0,NA,0,NA,NA
000017659003,NA,Montabaur Fürstenweg,NA,50.440179,7.822583,0,NA,0,NA,NA
000017659103,NA,Ruppach-Goldhausen Schule,NA,50.464505,7.879842,0,NA,0,NA,NA
000017659203,NA,Montabaur Hunsrückstr.,NA,50.428896,7.81864,0,NA,0,NA,NA
000017803103,NA,"Brücktal, Am Kirchenweg",NA,50.31738,6.97849,0,NA,0,NA,NA
000011135519,NA,Niedermendig Mendig Bahnhof,Mendig Bahnhof,50.369807,7.290062,0,NA,0,99,2
000011419513,NA,Neunkhausen Betzdorfer Straße,NA,50.706305,7.901994,0,NA,0,NA,NA
000011605007,NA,Elkenroth Kirchstraße,NA,50.728834,7.883813,0,NA,0,NA,NA
000011605108,NA,Nauroth Kirche,Kirche,50.700223,7.876132,0,NA,0,99,2
000011605205,NA,Mörlen Westerwaldstraße,NA,50.698203,7.882582,0,NA,0,NA,NA
000011609906,NA,Weitefeld Mitte,NA,50.724609,7.926411,0,NA,0,NA,NA
000011664307,NA,Gebhardshain Kirchplatz,NA,50.746765,7.821272,0,NA,0,NA,NA
000011665804,NA,Gebhardshain Westerwaldschule,NA,50.741842,7.824991,0,NA,0,NA,NA
000010250201,NA,"Altena, Husmecker Bach",NA,51.248827,7.691205,0,NA,0,NA,NA
000010658804,NA,"Welcherath, Kirche",NA,50.319537,6.965815,0,NA,0,NA,NA
000011521705,NA,Weißenthurm Obere Fährstraße,Obere Fährstraße,50.422137,7.445704,0,NA,0,99,2
000017803304,NA,"Drees, Bürgerhaus",NA,50.340198,6.996196,0,NA,0,NA,NA
000011661406,NA,Wissen Grundschule,NA,50.780005,7.734818,0,NA,0,NA,NA
000011665604,NA,Selbach (Sieg) Wendeschleife,NA,50.746276,7.768927,0,NA,0,NA,NA
000010325503,NA,"Kelberg, Busbahnhof",NA,50.284203,6.92054,0,NA,0,NA,NA
000010599603,NA,"Rothenbach (b. Adenau), Abzw.",NA,50.312022,6.903185,0,NA,0,NA,NA
000010599604,NA,"Rothenbach (b. Adenau), Abzw.",NA,50.312172,6.9034,0,NA,0,NA,NA
000010678803,NA,"Zermüllen, Bachstraße",NA,50.299096,6.918663,0,NA,0,NA,NA
000011523106,NA,Weitersburg Grenzhausener Straße,NA,50.415131,7.603781,0,NA,0,NA,NA
000011106199,NA,Ruppach-Goldhausen Goldhausen Bf,NA,50.461406,7.873033,0,NA,0,NA,NA
000011200299,NA,Rennerod Busbahnhof,NA,50.609755,8.065138,0,NA,0,NA,NA
000011201499,NA,Hof (Westerw) Rathaus,NA,50.666551,8.014176,0,NA,0,NA,NA
000011201999,NA,Arnshöfen Niederdorfstraße,NA,50.539487,7.867688,0,NA,0,NA,NA
000011202299,NA,Ailertchen B255,NA,50.598671,7.941152,0,NA,0,NA,NA
000011204399,NA,Stockum-Püschen Hauptstraße,NA,50.604458,7.902102,0,NA,0,NA,NA
000011220799,NA,Bad Marienberg Langenbach DGH,DGH,50.63662,7.947746,0,NA,0,99,2
000011220899,NA,Bad Marienberg Neuer Weg,NA,50.651551,7.951078,0,NA,0,NA,NA
000011220999,NA,Bad Marienberg ZOB,NA,50.656864,7.954905,0,NA,0,NA,NA
000011242999,NA,Boden Meudter Straße,NA,50.474168,7.859783,0,NA,0,NA,NA
000011255099,NA,Bad Marienberg Feuerwehr,NA,50.655344,7.955309,0,NA,0,NA,NA
000011256099,NA,Nisterau Bach,NA,50.656722,7.989284,0,NA,0,NA,NA
000011256599,NA,Bad Marienberg Eichenstruth Marmer Weg,NA,50.644505,7.961957,0,NA,0,NA,NA
000011257399,NA,Nisterau Marienberger Straße,NA,50.661494,7.976546,0,NA,0,NA,NA
000011257499,NA,Nisterau Pfuhl Ortsstraße,NA,50.661688,7.979887,0,NA,0,NA,NA
000011257599,NA,Bad Marienberg SB-Märkte,NA,50.658106,7.96485,0,NA,0,NA,NA
000011276999,NA,Rennerod Emmerichenhain L 295,NA,50.631897,8.065856,0,NA,0,NA,NA
000011278799,NA,Rennerod Emmerichenhain Ortsmitte,NA,50.629663,8.069521,0,NA,0,NA,NA
000011281399,NA,Westerburg Altes Katasteramt,NA,50.55947,7.969081,0,NA,0,NA,NA
000011284499,NA,Hilgert Faulbach Ortsstraße,NA,50.465077,7.687037,0,NA,0,NA,NA
000011296599,NA,Girod Kapellenweg,NA,50.451208,7.911265,0,NA,0,NA,NA
000011299799,NA,Guckheim Gemeindeverwaltung,NA,50.52922,7.947611,0,NA,0,NA,NA
000011302699,NA,Hahn (b. Marienberg) Dorfgemeinschaftshaus,NA,50.632911,7.941422,0,NA,0,NA,NA
000011310199,NA,Heiligenroth Abzw. Heiligenroth,NA,50.451483,7.846416,0,NA,0,NA,NA
000011310599,NA,Hellenhahn-Schellenberg Secker Straße,NA,50.610011,8.024246,0,NA,0,NA,NA
000011311099,NA,Hergenroth Westerburger Straße,NA,50.580992,7.973087,0,NA,0,NA,NA
000011312699,NA,Herschbach (Oberwesterwald) L300,NA,50.506207,7.927435,0,NA,0,NA,NA
000011326262,NA,"Kelberg, Bergstraße",NA,50.288972,6.917657,0,NA,0,NA,NA
000011326263,NA,"Kelberg, Bergstraße",NA,50.288921,6.917486,0,NA,0,NA,NA
000011333199,NA,Kammerforst (Westerw) Faulbacher Straße,NA,50.462807,7.677398,0,NA,0,NA,NA
000011341699,NA,Kirburg B 414,NA,50.676269,7.921659,0,NA,0,NA,NA
000011344299,NA,Girod Kleinholbach Feldstraße,NA,50.446026,7.90327,0,NA,0,NA,NA
000011355799,NA,Koblenz Kesselheim HWK-Ausbildungszentrum,NA,50.390178,7.570238,0,NA,0,NA,NA
000011375499,NA,Krümmel Kreisel,NA,50.535873,7.713303,0,NA,0,NA,NA
000011382299,NA,Langenbach (b. Kirburg) DGH,NA,50.70284,7.937172,0,NA,0,NA,NA
000011403299,NA,Meudt Eisen Meisenstraße,NA,50.498117,7.90345,0,NA,0,NA,NA
000011403399,NA,Meudt Kirchstraße,NA,50.493117,7.896946,0,NA,0,NA,NA
000011436161,NA,"Nohn, Heideweg",NA,50.333467,6.786386,0,NA,0,NA,NA
000011436162,NA,"Nohn, Heideweg",NA,50.333467,6.786386,0,NA,0,NA,NA
000011436565,NA,"Nohn, Ortsmitte",NA,50.33013,6.786826,0,NA,0,NA,NA
000011440999,NA,Ellenhausen Berghof,NA,50.514074,7.71422,0,NA,0,NA,NA
000011441099,NA,Oberhaid Haus Schmidt,NA,50.508618,7.72128,0,NA,0,NA,NA
000011455499,NA,Pottum Ortsmitte,NA,50.597508,8.000207,0,NA,0,NA,NA
000011479099,NA,Seck Ortsmitte,NA,50.576822,8.048788,0,NA,0,NA,NA
000011492699,NA,Stahlhofen am Wiesensee Willi-Schiefelbusch-Platz,NA,50.58702,7.988933,0,NA,0,NA,NA
000011514699,NA,Waldmühlen B 54,NA,50.587676,8.061248,0,NA,0,NA,NA
000011525399,NA,Westerburg Jahnstraße,NA,50.565342,7.971219,0,NA,0,NA,NA
000011525499,NA,Westerburg Langenhahner Straße,NA,50.56068,7.968694,0,NA,0,NA,NA
000011525599,NA,Westerburg Willmenroder Straße,NA,50.557912,7.972351,0,NA,0,NA,NA
000011525699,NA,Westerburg Schulen,NA,50.558107,7.978675,0,NA,0,NA,NA
000011530699,NA,Wittgert Hauptstraße,NA,50.496734,7.697556,0,NA,0,NA,NA
000011605399,NA,Rennerod Hauptstraße,Hauptstraße,50.606123,8.066,0,NA,0,99,2
000011606099,NA,Ruppach-Goldhausen Kirche,NA,50.46136,7.879779,0,NA,0,NA,NA
000011606399,NA,Norken Weiherplatz,NA,50.673935,7.898796,0,NA,0,NA,NA
000011621099,NA,Lautzenbrücken DGH,NA,50.6725,7.966314,0,NA,0,NA,NA
000011680399,NA,Unnau Stangenrod Unnauer Straße,NA,50.659302,7.902498,0,NA,0,NA,NA
000011680699,NA,Bölsberg Lindenstraße,NA,50.66827,7.91423,0,NA,0,NA,NA
000011681099,NA,Kirburg Bölsberger Straße,NA,50.676275,7.923797,0,NA,0,NA,NA
000011681999,NA,Dreisbach Hauptstraße,NA,50.616789,7.932501,0,NA,0,NA,NA
000011685299,NA,Hellenhahn-Schellenberg Sportplatz,NA,50.610747,8.027965,0,NA,0,NA,NA
000011693999,NA,Bad Marienberg Kurapotheke,Kurapotheke,50.646692,7.945976,0,NA,0,99,2
000011694099,NA,Bad Marienberg Zinhain MarienBad,NA,50.644607,7.937137,0,NA,0,NA,NA
000011694199,NA,Bad Marienberg Zinhain Dorfplatz,NA,50.643986,7.928019,0,NA,0,NA,NA
000011696099,NA,Hardt Birkenstraße,NA,50.634387,7.917149,0,NA,0,NA,NA
000011696499,NA,Unnau Hauptstraße,NA,50.648059,7.908265,0,NA,0,NA,NA
000011703199,NA,Nisterberg Buswende,NA,50.679035,7.976716,0,NA,0,NA,NA
000015692799,NA,Fehl-Ritzhausen DGH,NA,50.644009,8.001681,0,NA,0,NA,NA
000015692899,NA,Fehl-Ritzhausen Herborner Straße,NA,50.643781,8.004573,0,NA,0,NA,NA
000015715399,NA,Großseifen Am Dickenstein,NA,50.635822,7.972566,0,NA,0,NA,NA
000015715499,NA,Großseifen Höhenstraße,NA,50.634153,7.968119,0,NA,0,NA,NA
000015825499,NA,Lautzenbrücken Hohensayner Weg,NA,50.672996,7.960987,0,NA,0,NA,NA
000015896999,NA,Niederroßbach Mitte,NA,50.6403,8.032645,0,NA,0,NA,NA
000015901899,NA,Nistertal Büdingen Brückenstraße,NA,50.628079,7.893676,0,NA,0,NA,NA
000015903999,NA,Norken Westerwaldstraße,NA,50.66999,7.896982,0,NA,0,NA,NA
000015990199,NA,Stockhausen-Illfurth Ilsenstraße,NA,50.643804,7.984981,0,NA,0,NA,NA
000015990399,NA,Stockhausen-Illfurth Poststraße,NA,50.64602,7.989769,0,NA,0,NA,NA
000016003499,NA,Unnau Korb Hachenburger Straße,NA,50.656682000000004,7.89099,0,NA,0,NA,NA
000016332099,NA,Hundsangen Hauptstraße,NA,50.453205,7.987478,0,NA,0,NA,NA
000016332299,NA,Hundsangen Baumschule,NA,50.459839,7.972036,0,NA,0,NA,NA
000016332499,NA,Hundsangen Bürgermeisteramt,NA,50.454777,7.984837,0,NA,0,NA,NA
000016332599,NA,Hundsangen Grundschule,NA,50.454943,7.990281,0,NA,0,NA,NA
000016336599,NA,Molsberg Nussallee,NA,50.482303,7.962676,0,NA,0,NA,NA
000016341099,NA,Wallmerod Volksbank,NA,50.485081,7.951698,0,NA,0,NA,NA
000016341699,NA,Weroth Siedlung,NA,50.459725,7.96078,0,NA,0,NA,NA
000017640699,NA,Heiligenroth Aldi,NA,50.448857,7.8492,0,NA,0,NA,NA
000017641099,NA,Leuterod Steimelweg,NA,50.492008,7.8099170000000004,0,NA,0,NA,NA
000017641199,NA,Dernbach (Westerw) Grundschule,NA,50.458426,7.787693,0,NA,0,NA,NA
000017641299,NA,Ebernhahn Schulstraße,NA,50.474002,7.770176,0,NA,0,NA,NA
000017641399,NA,Ebernhahn Rosenheckplatz,NA,50.468536,7.773733,0,NA,0,NA,NA
000017641599,NA,Gemünden (Westerw) Ringstraße,NA,50.559801,8.017437,0,NA,0,NA,NA
000017641699,NA,Gemünden (Westerw) Kindergarten,NA,50.55644,8.014437,0,NA,0,NA,NA
000017641899,NA,Montabaur OBI,NA,50.447588,7.831261,0,NA,0,NA,NA
000017641999,NA,Staudt Industriegebiet,NA,50.457917,7.843209,0,NA,0,NA,NA
000017642599,NA,Kaden Schule,NA,50.548387,7.919539,0,NA,0,NA,NA
000017642799,NA,Rotenhain Brunnenstraße,NA,50.600097,7.884082,0,NA,0,NA,NA
000017642899,NA,Rotenhain Todtenberg,NA,50.609196,7.880085,0,NA,0,NA,NA
000017643099,NA,Stockum-Püschen Schule,NA,50.606009,7.902857,0,NA,0,NA,NA
000017643199,NA,Stockum-Püschen Kindergarten,NA,50.605177,7.9,0,NA,0,NA,NA
000017643599,NA,Kölbingen Abzweigung,NA,50.546777,7.938062,0,NA,0,NA,NA
000017643699,NA,Westerburg In der Schweiz,NA,50.55664,7.956882,0,NA,0,NA,NA
000017643799,NA,Westerburg Feuerwehr,NA,50.543454,7.953881,0,NA,0,NA,NA
000017643899,NA,Kölbingen Waldstraße,NA,50.552274,7.935151,0,NA,0,NA,NA
000017643999,NA,Kölbingen Möllingen Hauptstraße,NA,50.549905,7.927704,0,NA,0,NA,NA
000017644099,NA,Brandscheid Gemeindebüro,NA,50.55777,7.920266,0,NA,0,NA,NA
000017644199,NA,Kaden Härtlinger Straße,NA,50.548546,7.91423,0,NA,0,NA,NA
000017644299,NA,Härtlingen Schulstraße,NA,50.539464,7.914831,0,NA,0,NA,NA
000017644399,NA,Elbingen Backes,NA,50.527622,7.909882,0,NA,0,NA,NA
000017644499,NA,Mähren Feuerwehr,NA,50.52504,7.921138,0,NA,0,NA,NA
000017644599,NA,Hahn am See K 87,NA,50.524378,7.892293,0,NA,0,NA,NA
000017644699,NA,Hahn am See Oberste Garten,NA,50.521265,7.890236,0,NA,0,NA,NA
000017644799,NA,Arnshöfen Hauptstraße,NA,50.540343,7.868595,0,NA,0,NA,NA
000017644899,NA,Wölferlingen Freilinger Straße,NA,50.561645,7.851581,0,NA,0,NA,NA
000017645099,NA,Kuhnhöfen Bachstraße,NA,50.531802,7.861319,0,NA,0,NA,NA
000017645199,NA,Westerburg Lindenstraße,NA,50.549397,7.988502,0,NA,0,NA,NA
000017645299,NA,Willmenrod Brückenstraße,NA,50.540315,7.979708,0,NA,0,NA,NA
000017645499,NA,Guckheim Zur Heide,NA,50.527233,7.944835,0,NA,0,NA,NA
000017645599,NA,Weltersburg Dorfplatz,NA,50.522527,7.957825,0,NA,0,NA,NA
000017645699,NA,Girkenroth Feuerwehr,NA,50.520803,7.969161,0,NA,0,NA,NA
000017645799,NA,Salz (Westerw) Schulstraße,NA,50.509567,7.963125,0,NA,0,NA,NA
000017645899,NA,Salz (Westerw) Dorfplatz,NA,50.508858,7.959909,0,NA,0,NA,NA
000017645999,NA,Bilkheim Wendeplatz,NA,50.498374,7.950719,0,NA,0,NA,NA
000017646099,NA,Herschbach (Oberwesterwald) Wahnscheid Abzw.,NA,50.505859,7.934765,0,NA,0,NA,NA
000017646299,NA,Herschbach (Oberwesterwald) Hauptstraße,NA,50.504591,7.926734,0,NA,0,NA,NA
000017646499,NA,Wallmerod Alter Bahnhof,NA,50.491574,7.944368,0,NA,0,NA,NA
000017646699,NA,Wallmerod Marienheim,NA,50.484841,7.946201,0,NA,0,NA,NA
000017646799,NA,Berod (b. Wallmerod) Oberdorf,NA,50.481291,7.937307,0,NA,0,NA,NA
000017646899,NA,Berod (b. Wallmerod) Zehnhausen Abzw.,NA,50.483012,7.929025,0,NA,0,NA,NA
000017646999,NA,Meudt Bahnhofstraße,NA,50.491014,7.895733,0,NA,0,NA,NA
000017647099,NA,Meudt Dahlenerstraße,NA,50.489185,7.894062,0,NA,0,NA,NA
000017647299,NA,Niederahr Alte Schule,NA,50.493379,7.861453,0,NA,0,NA,NA
000017648199,NA,Meudt Dahlen Ortsmitte,Ortsmitte,50.479422,7.899686,0,NA,0,99,2
000017648299,NA,Ruppach-Goldhausen Kindergarten,NA,50.462086,7.880893,0,NA,0,NA,NA
000017648399,NA,Heiligenroth Rasthaus,NA,50.454143,7.869152,0,NA,0,NA,NA
000017648599,NA,Heiligenroth Pentaplast,NA,50.448497,7.846317,0,NA,0,NA,NA
000017648699,NA,Heiligenroth Industriestraße Ost,NA,50.450476,7.854087,0,NA,0,NA,NA
000017648799,NA,Dreikirchen Westerwaldstraße,NA,50.4517,7.958966,0,NA,0,NA,NA
000017648899,NA,Weroth Mittelstraße,NA,50.459404,7.948249,0,NA,0,NA,NA
000017648999,NA,Dreikirchen Hauptstr.,NA,50.44749,7.957483,0,NA,0,NA,NA
000017649099,NA,Obererbach (b. Montabaur) Kirche,NA,50.441913,7.965802,0,NA,0,NA,NA
000017649399,NA,Niedersayn Untere Mühle,NA,50.526314,7.827892,0,NA,0,NA,NA
000017649799,NA,Dreikirchen Am Mühlenweg,NA,50.448594,7.945419,0,NA,0,NA,NA
000017649999,NA,Ettinghausen Köppelstraße,NA,50.516542,7.873284,0,NA,0,NA,NA
000017650299,NA,Neustadt (Westerw) Neustadt ( Westerw) Neustadt Ba,NA,50.6327,8.040685,0,NA,0,NA,NA
000017650599,NA,Zehnhausen (b. Wallmerod) Ortsmitte,NA,50.475717,7.923644,0,NA,0,NA,NA
000017651299,NA,Langenhahn Hölzenhausen B 255,NA,50.592775,7.922764,0,NA,0,NA,NA
000017651399,NA,Bad Marienberg Langenbach MSM,MSM,50.637218,7.943622,0,NA,0,99,2
000017651499,NA,Langenhahn Tankstelle,NA,50.583461,7.918218,0,NA,0,NA,NA
000017651899,NA,Niederahr Schule,NA,50.490916,7.86493,0,NA,0,NA,NA
000017652199,NA,Bellingen Dorfgemeinschaftshaus,NA,50.58953,7.906657,0,NA,0,NA,NA
000017652399,NA,Bad Marienberg Bergstraße,NA,50.64835,7.954627,0,NA,0,NA,NA
000017652499,NA,Enspel Schule,NA,50.617598,7.884711,0,NA,0,NA,NA
000017652799,NA,Niederahr Kindergarten,NA,50.493465,7.861858,0,NA,0,NA,NA
000017653499,NA,Meudt Dahlen Sauerlandstraße,Sauerlandstraße,50.480851,7.900153,0,NA,0,99,2
000017653599,NA,Berod (b. Wallmerod) Unterdorf,NA,50.480914,7.935151,0,NA,0,NA,NA
000017653699,NA,Salz (Westerw) Schule,NA,50.513183,7.963421,0,NA,0,NA,NA
000017654099,NA,Oberahr B 255,NA,50.504402,7.868433,0,NA,0,NA,NA
000017654299,NA,Steinefrenz Kindergarten,Kindergarten,50.459976,7.932708,0,NA,0,99,2
000017655099,NA,Lautzenbrücken Wiesenstraße,NA,50.673633,7.964068,0,NA,0,NA,NA
000017655499,NA,Ailertchen Kirche,NA,50.600741,7.939391,0,NA,0,NA,NA
000017656399,NA,Salz (Westerw) Hainstraße,NA,50.508521,7.957726,0,NA,0,NA,NA
000017656699,NA,Rehe B255,NA,50.633897,8.118039,0,NA,0,NA,NA
000017657299,NA,Seck-West,Seck-West,50.57462,8.04533,0,NA,0,99,2
000017657399,NA,Langenhahn Am Mauernstück,NA,50.582617,7.925288,0,NA,0,NA,NA
000017657499,NA,Langenhahn Westerburger Straße,NA,50.583313,7.91961,0,NA,0,NA,NA
000017657599,NA,Langenhahn Unterer Mühlenweg,NA,50.57365,7.912496,0,NA,0,NA,NA
000017657699,NA,Rothenbach Brunnenstraße,NA,50.563003,7.900009,0,NA,0,NA,NA
000017657799,NA,Rothenbach Himburg Ortsmitte,NA,50.568709,7.8902,0,NA,0,NA,NA
000017657899,NA,Rothenbach Obersayn B 255,NA,50.550162,7.885268,0,NA,0,NA,NA
000017657999,NA,Ettinghausen Abzw. Kuhnhöfen,NA,50.520266,7.876473,0,NA,0,NA,NA
000017658599,NA,Rennerod Gewerbegebiet,NA,50.600673,8.063655,0,NA,0,NA,NA
000017658799,NA,Rothenbach Obersayn Dorfgemeinschaftshaus,NA,50.550196,7.880866,0,NA,0,NA,NA
000017662399,NA,Obererbach (b. Montabaur) Florheckstr.,NA,50.442702,7.971075,0,NA,0,NA,NA
000017803232,NA,"Kirsbach, Dorfmitte",NA,50.325054,6.992594,0,NA,0,NA,NA
000017820699,NA,Steinefrenz Kirchweg,NA,50.45925,7.933256,0,NA,0,NA,NA
000011233434,NA,"Berenbach, Am Dorfbrunnen",NA,50.233204,6.956122,0,NA,0,NA,NA
000011233435,NA,"Berenbach, Am Dorfbrunnen",NA,50.233129,6.956293,0,NA,0,NA,NA
000011355499,NA,Merkelbach Am Börnchen,NA,50.645251,7.768568,0,NA,0,NA,NA
000011412799,NA,Berzhahn Ortsmitte,NA,50.538585,8.004887,0,NA,0,NA,NA
000011228999,NA,Bendorf (Rhein) Sayn Schlossstraße,Schlossstraße,50.435499,7.572106,0,NA,0,99,2
000011530799,NA,Wittgert Schule,NA,50.501454,7.700008,0,NA,0,NA,NA
000010343599,NA,Leverkusen Opladen Rennbaumstr.,Rennbaumstr.,51.070377,7.008341,0,NA,0,99,2
000011665999,NA,Gebhardshain Grundschule,NA,50.746583,7.821901,0,NA,0,NA,NA
000011291099,NA,Gebhardshain Liebergstraße,NA,50.744116,7.813591,0,NA,0,NA,NA
000011661799,NA,Wissen Köttingen Kindergarten,NA,50.770018,7.743415,0,NA,0,NA,NA
000011661899,NA,Wissen Köttingen Im Hutzenthal,NA,50.765053,7.745867,0,NA,0,NA,NA
000011661999,NA,Wissen Köttingen Endepfuhl,NA,50.762399,7.747646,0,NA,0,NA,NA
000011662099,NA,Wissen Köttingen Häuser Weg,NA,50.761905,7.746712,0,NA,0,NA,NA
000011662199,NA,Wissen Glatteneichen Ort,NA,50.756586,7.746882,0,NA,0,NA,NA
000011662399,NA,Selbach (Sieg) Kirchseifen,NA,50.748976,7.756872,0,NA,0,NA,NA
000011662499,NA,Selbach (Sieg) Brunken Kölbach,NA,50.739051,7.756063,0,NA,0,NA,NA
000011662599,NA,Selbach (Sieg) Brunken West,NA,50.736345,7.761642,0,NA,0,NA,NA
000011662899,NA,Selbach (Sieg) Vor der Hardt,NA,50.744264,7.767786,0,NA,0,NA,NA
000011662999,NA,Fensdorf Glockenweg,NA,50.74195,7.776715,0,NA,0,NA,NA
000011664499,NA,Gebhardshain Eichenweg,NA,50.742445,7.816843,0,NA,0,NA,NA
000011666099,NA,Fensdorf Tannenhof,NA,50.739585,7.791879,0,NA,0,NA,NA
000011686699,NA,Gebhardshain Kindergarten,NA,50.748152,7.82279,0,NA,0,NA,NA
000011695899,NA,Gebhardshain Steimelsgarten,NA,50.745412,7.817364,0,NA,0,NA,NA
000011040201_G,NA,Velbert Gesamtschule Waldschlösschen,NA,51.304927,7.080979,0,NA,0,NA,NA
000012102314,NA,Krefeld Westwall/Rathaus,NA,51.333307,6.558932,0,NA,0,NA,NA
000011281303,NA,Westerburg Altes Katasteramt,NA,50.559465,7.969063,0,NA,0,NA,NA
000011299191,NA,Großholbach Abzw. Großholbach,NA,50.443858,7.892329,0,NA,0,NA,NA
000011493535,NA,Steinebach an der Wied Brunnenstraße,NA,50.609954,7.803836,0,NA,0,NA,NA
000011524545,NA,Welschneudorf Kurfürstenhalle,NA,50.371165,7.79805,0,NA,0,NA,NA
000011525555,NA,Westerburg Willmenroder Straße,NA,50.557912,7.972351,0,NA,0,NA,NA
000011606666,NA,Alpenrod Hirtscheid Ortsmitte,NA,50.63519,7.891062,0,NA,0,NA,NA
000011607070,NA,Steinebach an der Wied Schmidthahn Abzw. Langenbau,NA,50.605468,7.810771,0,NA,0,NA,NA
000011607171,NA,Steinebach an der Wied Seeburg,NA,50.591452,7.815172,0,NA,0,NA,NA
000011607272,NA,Dreifelden Im Winkel,NA,50.591492,7.83516,0,NA,0,NA,NA
000011607373,NA,Linden Bürgerhaus,NA,50.602423,7.850943,0,NA,0,NA,NA
000011607474,NA,Lochum Gemeindeverwaltung,NA,50.609567,7.859792,0,NA,0,NA,NA
000011607575,NA,Alpenrod Neuer Weg,NA,50.633692,7.867948,0,NA,0,NA,NA
000011607676,NA,Hachenburg Alpenroder Straße,NA,50.659672,7.831791,0,NA,0,NA,NA
000011607777,NA,Alpenrod Kindergarten,NA,50.634039,7.86475,0,NA,0,NA,NA
000011608383,NA,Alpenrod Dehlingen Kreisverkehr,NA,50.643861,7.874425,0,NA,0,NA,NA
000011608484,NA,Steinebach an der Wied Kindergarten,NA,50.60919,7.805327,0,NA,0,NA,NA
000011608888,NA,Alpenrod Schule,NA,50.631908,7.871039,0,NA,0,NA,NA
000011692626,NA,Stahlhofen (Westerw) Kindergarten,NA,50.395281,7.857231,0,NA,0,NA,NA
000017445959,NA,Welschneudorf Bornplatz,NA,50.370655,7.794233,0,NA,0,NA,NA
000017642121,NA,Montabaur Horressen Schule,NA,50.436878,7.792544,0,NA,0,NA,NA
000017643333,NA,Montabaur Kindergarten,NA,50.436792,7.812693,0,NA,0,NA,NA
000017643434,NA,Montabaur Eschelbach Akazienstraße,NA,50.446615,7.814508,0,NA,0,NA,NA
000017656060,NA,Niederelbert Schule,NA,50.409171,7.81351,0,NA,0,NA,NA
000017656161,NA,Holler Südstraße,NA,50.411542,7.834073,0,NA,0,NA,NA
000011609090,NA,Steinebach an der Wied Schmidthahn Dreifelder Weih,NA,50.598569,7.815487,0,NA,0,NA,NA
000000349921,NA,"Würselen, Merzbrück Forschungsflugplatz (Bus)",NA,50.824544,6.19232,0,NA,0,NA,NA
000011324848,NA,Montabaur Horressen Buchenstraße,NA,50.427946,7.793092,0,NA,0,NA,NA
000011324949,NA,Montabaur Grundschule,NA,50.434538,7.833947,0,NA,0,NA,NA
000011325050,NA,Montabaur KG Himmelfeld,NA,50.440179,7.84187,0,NA,0,NA,NA
000011325151,NA,Montabaur Marauer Mühle,NA,50.425891,7.848787,0,NA,0,NA,NA
000011325299,NA,Montabaur Reckenthal Abzweig,NA,50.420614,7.872009,0,NA,0,NA,NA
000011325353,NA,Montabaur Ettersdorf Kapelle,NA,50.395641,7.879519,0,NA,0,NA,NA
000013200799,NA,Leverkusen Hitdorf Fährstr.,NA,51.059865,6.920244,0,NA,0,NA,NA
D_000000019349,NA,"Monheim, Hey Lou Hotel",NA,51.100081,6.884706,0,NA,0,NA,NA
D_000000019790,NA,"Monheim (Rhein), Mona Mare",NA,51.086687,6.90128,0,NA,0,NA,NA
D_000000005228,NA,Wiesdorf Leverkusen Mitte Bf,NA,51.031497,6.991642,0,NA,0,NA,NA
D_000000018170,NA,D-Berzeliusstraße,NA,51.237434,6.710882,0,NA,0,NA,NA
D_000000018171,NA,D-Benediktusstraße,NA,51.235021,6.715455,0,NA,0,NA,NA
D_000000018173,NA,D-Sportstraße,NA,51.240814,6.731526,0,NA,0,NA,NA
D_000000018174,NA,D-Schiessstraße,NA,51.238756,6.720961,0,NA,0,NA,NA
D_000000018175,NA,"D-Heerdt, Friedhof",NA,51.235454,6.719964,0,NA,0,NA,NA
D_000000018513,NA,Meerbusch Deutsches Eck,NA,51.244559,6.697237,0,NA,0,NA,NA
D_000000019816,NA,Meerbusch Hoxdelle,NA,51.239925,6.70622,0,NA,0,NA,NA
D_000000019817,NA,Meerbusch Grünstraße,NA,51.243047,6.7002370000000004,0,NA,0,NA,NA
D_000000019819,NA,Meerbusch Christuskirche,NA,51.2429,6.692808,0,NA,0,NA,NA
D_000000019820,NA,Meerbusch Heilig-Geist-Kirche,NA,51.240544,6.693859,0,NA,0,NA,NA
D_000000019821,NA,Meerbusch Autobahn,NA,51.23578,6.692152,0,NA,0,NA,NA
D_000000019835,NA,Meerbusch Im Bachgrund,NA,51.245482,6.692206,0,NA,0,NA,NA
D_000000012000,NA,Betzdorf Busbahnhof,NA,50.78949,7.872593,0,NA,0,NA,NA
D_000000012798,NA,Emmelshausen Waldstraße,NA,50.15582,7.553511,0,NA,0,NA,NA
D_000000013599,NA,Koblenz Wallersheim Langenaustraße,NA,50.378648,7.606134,0,NA,0,NA,NA
D_000000013700,NA,Koblenz Lützel Wiesenweg,NA,50.367349,7.588312,0,NA,0,NA,NA
